video_id,title,channel,published_at,theme
LiVlS9scKO0,Mundo em Alerta: China apresenta tecnologia para cortar cabos submarinos,Fatos Desconhecidos,2025-04-01T21:30:04Z,tecnologia
sTMwxgzc4jE,"MC Kelvinho, MC Cebezinho, DJ GH - Tecnologia (Videoclipe Oficial)",MC Kelvinho,2024-12-04T21:00:06Z,tecnologia
C5Ec_1uLSR8,Mercado brasileiro atrai gigantes da tecnologia | SBT Brasil (31/03/25),SBT News,2025-03-31T23:40:57Z,tecnologia
bydwBgc-SZM,A Incr√≠vel Tecnologia da China que Est√° Assustando o Mundo,Canal Top10,2024-12-23T22:14:16Z,tecnologia
BHh68tEPUgs,Lan√ßaram um COMPUTADOR QU√ÇNTICO !!!,TecnoGeek,2024-12-20T19:28:27Z,tecnologia
N6h4FIr3-Sk,Entenda: o que √© tecnologia? ‚Äì TecMundo,TecMundo,2021-12-13T15:00:10Z,tecnologia
rD3AIkASKvM,Vazou o √ìCULOS DA APPLE üò±,TecnoGeek,2024-02-13T17:35:29Z,tecnologia
UGXkdfnQQ1g,Elon Musk Revela Rob√¥s Androids Incr√≠veis: O Futuro da Tecnologia e IA!,Explorador de Curiosidades¬Æ,2025-01-18T14:45:04Z,tecnologia
Qxe07BWpkWk,As 10 Inova√ß√µes tecnol√≥gicas que transformar√£o o mundo em 2024,Diego Candido,2024-02-25T11:00:19Z,tecnologia
0H1QjD1fi6Q,O que √© inova√ß√£o: conceitos b√°sicos - Professor Mario Sergio Salerno,LGI USP,2014-09-26T16:27:41Z,tecnologia
cQujsCb9Ulc,9. MC LIPI - INOVA√á√ÉO FT. L7NNON (Positividade),MC Lipi Oficial,2023-10-03T18:16:41Z,tecnologia
8rl4InIPml4,O que √© inova√ß√£o? Conceito e exemplos - com Lu√≠s Felipe Carvalho,AEVO,2023-02-16T13:00:04Z,tecnologia
cIwtwgINOuw,INOVA√á√ÉO | COMO INOVAR DENTRO DO SEU NEG√ìCIO  | O Conselho 04,O Conselho | Fl√°vio Augusto,2022-10-13T23:00:13Z,tecnologia
mMRPO5wabqY,INOVA√á√ÉO: Conceito - Aula 1 de 4 | Prof. Alexandre Correa,Palestrante Alexandre Correa,2020-11-13T19:12:51Z,tecnologia
WAuyn3WHfuI,Queijo Amazonito: A Fus√£o Perfeita de Tradi√ß√£o e Inova√ß√£o Direto de Bofete üßÄ‚ú® #Fusqueij√£o,Fusqueij√£o - Por Aline Garrido,2024-09-23T21:10:23Z,tecnologia
DrOM6IrybFc,Inova√ß√£o n√£o existe,Atila Iamarino,2024-12-27T14:00:11Z,tecnologia
LOezRPMIG-4,Talks 02/04 - Globo - Inova√ß√£o com M√©todo - Como Criar Ideias e Tir√°-las do Papel,Cia de Talentos,2025-04-03T09:12:55Z,tecnologia
x3duZTiSVQ8,Leo Estakazero - Inova√ß√£o | DVD &quot;Estakazero Ao Vivo&quot; (Official Music Video),Leo Estakazero,2009-04-22T20:13:58Z,tecnologia
CKLJJj2z_uE,A INTELIG√äNCIA ARTIFICIAL da Apple Chegou e Aqui Est√£o as NOVIDADES,EntendendoiPhone,2025-04-02T12:51:32Z,tecnologia
4H6zgxtz5vk,"CHIP no C√âREBRO, INTELIG√äNCIA ARTIFICIAL e os MAIORES SINAIS da VINDA de JESUS - LAMARTINE POSELLA",Cortes do Intelig√™ncia [OFICIAL],2025-04-02T23:50:24Z,tecnologia
-bYR6f5LXEE,INTELIG√äNCIA ARTIFICIAL DO TWITTER CHAMA ELON MUSK DE MAIOR MENTIROSO DO PLANETA | Gal√£s Feios,Gal√£s Feios,2025-04-02T15:00:00Z,tecnologia
HNBtdyMjxKU,Intelig√™ncia Artificial Explicada em Apenas 11 Minutos | O Que √â Intelig√™ncia Artificial?,Bruno Picinini,2024-04-18T21:30:01Z,tecnologia
i6xbl9QzIK0,As 3 etapas da intelig√™ncia artificial e por que 3¬™ pode ser fatal,BBC News Brasil,2023-06-04T12:00:26Z,tecnologia
V2POyQVQuzA,O v√≠deo para entender Intelig√™ncia Artificial de verdade,infinitamente,2024-11-29T14:35:39Z,tecnologia
Mf32OwhVkNA,3 maneiras de entender intelig√™ncia artificial (para leigos) (v√°lido para 2025),Ricardo Cavallini,2018-02-02T23:56:13Z,tecnologia
DihUZ2vv2rM,I Semin√°rio Virtual de Intelig√™ncia Artificial do CFM,CFM - Conselho Federal de Medicina,2025-04-03T20:26:56Z,tecnologia
alfTEpwguQc,Esses novos feitos da Intelig√™ncia Artificial preocupam o mundo inteiro,Fatos Desconhecidos,2025-01-06T23:30:02Z,tecnologia
92eSz2X0AlU,Computadores Qu√¢nticos Explicados,Ci√™ncia Todo Dia,2020-02-22T16:52:30Z,tecnologia
WULwZ6v_Ai8,Inform√°tica B√°sica: O que √© um computador? Conhe√ßa alguns conceitos fundamentais da computa√ß√£o.,Eu TI Ensino,2020-10-08T14:00:08Z,tecnologia
6C_IR35EdBk,POV: Voc√™ decide estudar Ci√™ncia da Computa√ß√£o #algoritmos #desenvolvedor #programa√ß√£o,Academia dos Devs,2023-02-04T14:40:00Z,tecnologia
ehZpgjhqbOw,O que voc√™ precisa saber sobre o seu teclado para digitar corretamente. #informaticabasica #teclado,Sou independente digital,2023-09-30T12:01:41Z,tecnologia
vLbbTpfzzFc,Realidade em Perigo: A Amea√ßa Silenciosa dos Computadores Qu√¢nticos,Fatos Desconhecidos,2025-02-25T21:30:06Z,tecnologia
CDo1dhf6JjM,3 Coisas que Computadores Qu√¢nticos V√£o Mudar Para Sempre,Ci√™ncia Todo Dia,2023-02-27T20:00:07Z,tecnologia
yLvetNt6StY,"O que √© Computa√ß√£o Qu√¢ntica? Computa√ß√£o Qu√¢ntica: O que √©, Hist√≥ria e Aplica√ß√µes",Engenharia Detalhada,2023-02-23T20:00:21Z,tecnologia
nAnb-LBrF0M,Concurso BANESE TI | Semana Decisiva | Conceitos de Sistema de Computa√ß√£o,Gran Cursos Online,2025-04-01T23:45:24Z,tecnologia
otYyA3Pge6c,4 anos de Ci√™ncia da Computa√ß√£o vale a pena? #shorts,brunomarcosluz,2023-04-26T20:06:00Z,tecnologia
NNGZ-fSRGsA,Assistir ao Filme Chico Bento e a Goiabeira Maraviosa 2025 HD Completo em Portugues,O Rei do Cinema,2025-03-22T11:00:06Z,entretenimento
hUW_u0Gq_78,Filme Completo Dublado em Portugu√™s | Filme Dublado Completo HD filmes completos dublados,youhulie,2024-12-06T12:19:00Z,entretenimento
qqCFTkpyoWU,5 Realidades de Filmes PIORES que a MORTE,Canal PeeWee,2025-04-02T21:00:54Z,entretenimento
HBVyxYd2M0Q,ANTES e DEPOIS do ELENCO de TOP GUN #filmes #curiosidades #antesedepois #80s #cinema,D√° Play!,2025-04-03T00:30:11Z,entretenimento
UsUu5zHXn9s,MEXER COM A M√ÉE J√Å SABE N√â üòé #filmes #cinema #series,Aquela Cena,2025-03-28T21:15:01Z,entretenimento
7MSK2GQUKt8,"Filmes Completos Dublados | Street | A√ß√£o, Crime, Susupense | Filme Em Portugu√™s",Ligue o filme,2024-11-16T15:56:17Z,entretenimento
9Z4ud-wYV0I,Como Derrotar os HOMENS OCOS em &quot;ENTRE MONTANHAS&quot;,Derrotando Filmes,2025-04-02T21:00:08Z,entretenimento
ECzMrDTigdI,Qual sua OPINI√ÉO Sobre essa cena ?üòÆüé•FILME: D√≠vida de Honra,Trechos Not√°veis,2025-03-31T15:00:23Z,entretenimento
g-0XsUkYwFM,Voc√™ Conhece Essa Cena Ic√¥nica? #shorts #filmes #Motivacional #filmclips #shortsfeed,Cenas Imperd√≠veis ,2025-03-28T03:43:08Z,entretenimento
w-HULE-FCMI,TOP 10 MELHORES S√âRIES DO PRIME VIDEO DE ACORDO COM O IMDB,S√©rie Man√≠acos,2025-03-31T20:00:09Z,entretenimento
77KM0OzwnUs,O que voc√™ achou dessa cena.#series #filmesnovos #shortsfeed,Trechos de s√©ries,2025-03-26T23:25:09Z,entretenimento
I6IqwJvRyjc,As 10 s√©ries da Netflix mais assistidas de todos os tempos #curiosidades #series #serienetflix,RNF CURIOSIDADE DO MUNDO,2024-07-24T15:30:10Z,entretenimento
tjU0drqz9s8,APRENDA INGL√äS ASSISTINDO S√âRIES:  Pare de decorar regras,Tia do Ingl√™s,2025-04-01T14:45:03Z,entretenimento
TZ2w4RXWoiE,Top 5 S√©ries Turcas para assistir ainda hoje üìΩÔ∏èüáπüá∑ #seriesturcas,Cine Cortes - Oficial,2023-11-12T17:45:29Z,entretenimento
sIkIzcYpouA,"Oruam ft. Z√© Felipe, Mc Tuto, Rodrigo do CN - OH GAROTA QUERO VOCE SO PRA MIM (prod. DJ LC da Ro√ßa)",Mainstreet Records,2024-12-17T22:00:06Z,entretenimento
k1_IIetlafw,"Mix Sertanejo 2025 üí• M√∫sica Sertaneja Mais Tocadas üí• Henrique e Juliano, Mar√≠lia Mendon√ßa, Felipe F.",Felipe Fi√©rry,2025-02-01T21:41:46Z,entretenimento
_b_J9tzgDes,A VERDADE sobre o Ei Nerd Games,Cortes do Davy Jones [OFICIAL],2025-04-01T20:03:00Z,entretenimento
8QAznxg4O5o,"NINTENDO SWITCH 2, COBERTURA do GRANDE LAN√áAMENTO - #FGN #flowgames",Flow Games,2025-04-02T14:37:18Z,entretenimento
WyEme1kuS0w,Forma mais barata de assinar Servi√ßos de Streaming #netflix #hbomax #disneyplus #primevideo,Alan Geek,2023-02-24T10:29:16Z,entretenimento
9ugVG5zX810,An√°lise: Lula antecipa pontos estrat√©gicos da pol√≠tica de comunica√ß√£o do governo | BASTIDORES CNN,CNN Brasil,2025-04-03T16:30:10Z,pol√≠tica
pQS1VfqMddw,Pesquisa Quaest mostra que antilulismo vai se calcificando como for√ßa pol√≠tica para 2026 | Josias,UOL,2025-04-02T14:11:56Z,pol√≠tica
wYeJQ2I7aCs,Josias de Souza / Antilulismo vai virando for√ßa pol√≠tica,Jornal da Gazeta,2025-04-02T22:31:15Z,pol√≠tica
FKUJuH3ZpAo,"DEMISS√ÉO DE MANO MENEZES DO FLUMINENSE ENVOLVEU POL√çTICA, THIAGO SILVA E MAIS; PVC CONTA BASTIDORES",UOL Esporte,2025-03-31T19:14:04Z,pol√≠tica
aD3dzhOMV4A,Trump adota pol√≠tica da reciprocidade e imp√µe tarifa de 10% contra o Brasil,Revista Oeste,2025-04-03T16:15:00Z,pol√≠tica
j5iHKy-Kpds,"Existe contamina√ß√£o pol√≠tica no STF, diz especialista | WW",CNN Brasil,2025-03-29T01:46:59Z,pol√≠tica
lSR-pHOLnQs,"STF faz &#39;pol√≠tica Judici√°ria&#39; e joga impedimento de Moraes e Dino no lixo, critica Maierovitch",UOL,2025-03-21T16:05:02Z,pol√≠tica
ZmbMgL1ci9k,Pesquisa Atlas simula 2¬∞ turno para as elei√ß√µes de 2026 | CNN 360¬∞,CNN Brasil,2025-04-01T20:06:44Z,pol√≠tica
Xfq7SovKPAE,Caiado sobre disputa para elei√ß√µes de 2026: Nunca escolhi advers√°rio | LIVE CNN,CNN Brasil,2025-04-03T14:33:21Z,pol√≠tica
Rg3qRmKHfn4,65% da POPULA√á√ÉO n√£o quer que LULA dispute as ELEI√á√ïES em 2026; Ciro Nogueira ANALISA,Morning Show,2025-04-03T13:57:42Z,pol√≠tica
xdjA609Gy7U,"‚ÄúLula vai chegar imbat√≠vel para elei√ß√µes de 2026‚Äù, diz ministro do Turismo √† CNN | CNN 360¬∞",CNN Brasil,2025-03-31T20:59:39Z,pol√≠tica
3c9gKGbPpA0,Elei√ß√µes Antecipadas em Portugal! O Que Muda e Quem Realmente Manda no Pa√≠s?,Posso te mostrar Portugal?,2025-04-02T18:00:02Z,pol√≠tica
ayGnjq1Jeiw,"Lula n√£o deveria se candidatar √† reelei√ß√£o, para 62% #shorts #lula #elei√ß√µes",Rede Gospel de Televis√£o,2025-04-03T13:51:02Z,pol√≠tica
w8EmHE90Wcs,Elei√ß√µes 2026: Falta de op√ß√µes preocupa PT | CNN 360¬∫,CNN Brasil,2025-04-01T20:16:24Z,pol√≠tica
RWKDwH82CDM,Faltam 5 dias para as Elei√ß√µes Municipais de 2024,Canal TRE Ga√∫cho,2025-04-03T20:43:44Z,pol√≠tica
a9wNytHf6LE,Aliado do governo crava Tarc√≠sio como candidato nas elei√ß√µes de 2026,Os Pingos nos Is,2025-04-01T22:35:58Z,pol√≠tica
r5FdcQqKfAw,4¬∫ Congresso Brasileiro de Trauma e Medicina de Emerg√™ncia --- 2¬∫ Dia,Ensino Acad√™mico de Urg√™ncia e Emerg√™ncia LAUEC-AM,2025-04-03T02:11:05Z,pol√≠tica
nIAUHu4O3Nw,Congresso reage ao tarifa√ßo de Trump e aprova reciprocidade na taxa√ß√£o,TV Senado,2025-04-02T23:43:22Z,pol√≠tica
MykXp7RD37E,1¬∫ Congresso Brasileiro de Psicologia e Servi√ßo Social no Sistema¬†Hospitalar,Escola Mineira de Humanidades,2025-04-03T00:19:44Z,pol√≠tica
D1vaA4_9WZI,Atos esvaziados da direita e esquerda mostram que anistia n√£o tem for√ßa no Congresso | Tales Faria,UOL,2025-03-31T14:37:21Z,pol√≠tica
tm0E8-qGO2Y,1¬∫ Congresso Brasileiro de Psicologia e Servi√ßo Social no Sistema¬†Hospitalar,Escola Mineira de Humanidades,2025-04-02T00:26:40Z,pol√≠tica
d00BWtbPqu8,Hugo Motta e Congresso devem votar projeto de anistia nesta semana; comentaristas opinam,Jovem Pan News,2025-03-31T23:30:33Z,pol√≠tica
kv5oCAdy6qw,Projeto que permite ao Brasil retaliar &#39;tarifa√ßo&#39; de Trump avan√ßa no Congresso,g1,2025-04-01T14:42:17Z,pol√≠tica
NG52flXvoGg,üì£ Abertura do 14¬∫ CONGRESSO DA CONTAG,TV CONTAG,2025-04-01T23:48:43Z,pol√≠tica
do9xSQJdc-w,1¬∫ Congresso Brasileiro de Psicologia e Servi√ßo Social no Sistema¬†Hospitalar,Escola Mineira de Humanidades,2025-04-01T00:24:00Z,pol√≠tica
B-80u7aR4gY,"Com Bolsonaro r√©u, oposi√ß√£o no Congresso quer emplacar guerra pol√≠tica",Metr√≥poles,2025-03-30T17:55:57Z,pol√≠tica
JgWuDi22E5E,PRESIDENTE DO SANTOS SOLTOU O VERBO DE MANEIRA &quot;CORRETA&quot;? DEBATEMOS DECLARA√á√ÉO DE MARCELO TEIXEIRA,Cortes da TNT Sports,2025-03-31T19:31:09Z,pol√≠tica
9YTF8XX48hI,"56% desaprovam governo Lula, segundo pesquisa Genial/Quaest | Jornal da Band",Band Jornalismo,2025-04-02T23:27:28Z,pol√≠tica
Pqd_QZ5jt3U,Quaest: Desaprova√ß√£o do governo Lula sobe sete pontos e chega a 56% | LIVE CNN,CNN Brasil,2025-04-02T13:56:52Z,pol√≠tica
fb5PnMfo5_g,Quaest: desaprova√ß√£o do governo Lula √© de 56% e passa pela 1¬™ vez dos 50%,UOL,2025-04-02T13:38:02Z,pol√≠tica
00-FALNOSp8,"Governo Lula acerta ao esperar a poeira do tarifa√ßo de Trump baixar, diz ex-embaixador",UOL,2025-04-03T20:41:21Z,pol√≠tica
EHpIax1lVyU,‚ÄúGoverno Lula n√£o fez o p√©-de-meia e agora corre¬†descal√ßo‚Äù | Estad√£o Analisa,Estad√£o,2025-04-03T10:57:02Z,pol√≠tica
68MDRkvixU8,"Em busca de popularidade, governo Lula faz evento com balan√ßo da gest√£o | CNN NOVO DIA",CNN Brasil,2025-04-03T11:53:30Z,pol√≠tica
kiXmERpwtHo,"Crise? 56% dos brasileiros desaprovam governo Lula, revela Quaest",Jovem Pan News,2025-04-03T00:38:43Z,pol√≠tica
akAmCFBLpYY,Lula fala ao vivo e apresenta a√ß√µes feitas pelo governo em meio a queda de popularidade; assista,UOL,2025-04-03T15:15:31Z,pol√≠tica
k7Ykn_ZkTco,"Em busca de popularidade, Lula quer mostrar o que o governo tem feito | CNN NOVO DIA",CNN Brasil,2025-04-03T09:45:39Z,pol√≠tica
VANOTiSsg2Y,Quaest: Desaprova√ß√£o do governo Lula sobe entre mulheres e supera aprova√ß√£o,UOL,2025-04-02T14:04:12Z,pol√≠tica
qaSj-w001e8,CORINTHIANS SOFRE E PERDE para o Hurac√°n em casa na estreia da Sul-Americana | Melhores Momentos,ESPN Brasil,2025-04-03T00:32:02Z,esportes
nXwLWMG3xiI,"ALISSON marca, e S√ÉO PAULO vence o TALLERES na estreia da Libertadores | Melhores Momentos",ESPN Brasil,2025-04-03T03:12:14Z,esportes
G245sUbjfh8,"COUTINHO faz GOLA√áO, mas VASCO cede empate ao MELGAR na Sul-Americana| Melhores momentos",ESPN Brasil,2025-04-03T00:44:48Z,esportes
5-LoIDAHNZU,Quando a m√£o √© permitida no futebol üëã,Futebol com Hist√≥rias,2025-01-02T13:41:54Z,esportes
YA8ToBosUvg,BRASIL : A Triste Morte do PA√çS DO FUTEBOL,Victorando fut,2025-03-29T14:32:11Z,esportes
WfGfeezyzjo,O JORGE JESUS N√ÉO VEM por causa do NEYMAR?,Outset Sports,2025-03-29T14:00:28Z,esportes
9Zbj5SiYypE,Qual enterrada voc√™ achou a mais bonita?,Basquete pra vida,2024-08-14T21:54:34Z,esportes
TvdgRhHVF0I,EXPLICANDO QUAIS S√ÉO AS POSI√á√ïES DO BASQUETE (Guia Completo),Basquete pra vida,2023-09-10T15:00:16Z,esportes
1MyCNU8lDow,Celine Dion na Cerim√¥nia de Abertura üé§ ‚ú® #Paris2024 - Apresenta√ß√£o¬†completa,Olympics,2024-07-26T23:04:10Z,esportes
-jnc0kNjavE,Gin√°stica R√≠tmica: Equipe Brasil ( Classificat√≥ria rota√ß√£o 2) | #Paris2024,Olympics,2024-08-09T16:16:22Z,esportes
kmOGe5Hv-mg,Rebeca Andrade - Apresenta√ß√£o no solo (Final Gin√°stica Art√≠stica) üáßüá∑ | #Paris2024,Olympics,2024-08-01T21:32:59Z,esportes
b_0j6LHkjoY,O CARA Mais SINISTRO Das OLIMPIADAS (YUSUF DIKEC) via: @eurosport (TT@henrioliver35 @trtsporyildiz),Daniel Oliver,2024-08-02T12:29:46Z,esportes
zSAGwpDDkE0,Bizarrices na Olimp√≠adas #olimpiadas #historia,Plano Piloto,2024-08-07T13:24:16Z,esportes
OCBcq7O06UI,Preparrat√≥rio Olimp√≠adas de F√≠sica 2025 - Cinem√°tica - Parte 2,Olimp√≠adas de F√≠sica RJ,2025-04-02T10:25:18Z,esportes
okywg9eqbc8,7 Trag√©dias Mais Horripilantes dos Jogos Ol√≠mpicos,Mundo Aleat√≥rio,2025-02-17T22:02:06Z,esportes
V-exInjKEKY,Melhores Momentos Sport 1 (4) x 2 (2) Retr√¥ | Final do Campeonato Pernambucano | 02.04.25,TV Jornal SBT,2025-04-03T03:55:36Z,esportes
f6EzPLEqbMA,COMO FOI A DISPUTA DE P√äNALTIS DE SPORT E RETR√î NA FINAL DO CAMPEONATO PERNAMBUCANO | COMPILADOS,Canal GOAT,2025-04-03T03:55:45Z,esportes
tmHZM6d8oX0,MEU IRM√ÉOZINHO FOI EXPULSO NA FINAL DO CAMPEONATO!! üíî,J√£o Bastos,2024-12-09T22:18:40Z,esportes
30TtaB8XLZ4,AM√âRICA-MG 1 X 1 BAHIA | MELHORES MOMENTOS | CAMPEONATO BRASILEIRO FEMININO 2025 | sportv,ge,2025-04-01T01:38:49Z,esportes
aeFfeabiFhU,DR√ÅMATICO! SPORT VENCE NOS P√äNALTIS E √â CAMPE√ÉO DO CAMPEONATO PERNAMBUCANO 2025! | MELHORES MOMENTOS,Canal GOAT,2025-04-03T03:14:25Z,esportes
8L71QATmPMI,Andr√© Carrillo foi considerado um dos melhores meio-campistas do Campeonato Paulista! üáµüá™,Corinthians TV,2025-03-29T00:51:54Z,esportes
bJpNkoRpOlo,Kauan Basile joga por FC Flair no Campeonato de Futsal em Orlando nos Estados Unidos.#Orlando 2024.,Kauan Basile (Oficial),2024-08-04T13:32:46Z,esportes
RUtKo4we85E,AS MAIORES GOLEADAS DE CADA CLUBE NO CAMPEONATO BRASILEIRO #futebol #futebolbrasileiro #flamengo,Robertfutmania ,2024-07-28T20:31:24Z,esportes
Lyl0rcTyx-g,DANIEL 220v FINALIZA MATHEUS FONSECA NO MATA LE√ÉO E √â CAMPE√ÉO DO ADXC 7,Bjj Cria,2024-11-19T20:30:03Z,esportes
0ydzyeQ11ME,CORRIDA DE RUA - 4 DICAS‚ÄºÔ∏è,BRUNA IANHEZ,2023-09-29T22:00:00Z,esportes
ViQx4uRG8Os,√â POSS√çVEL COLOCAR O SHAPE E PRATICAR CORRIDA? CARIANI EXPLICOU ‚Äì IRONCAST CORTES,CarianiTV,2023-01-10T21:00:24Z,esportes
v_ZdwBn6rjo,Abastecimento Rc offroad!! Corrida do Campeonato Paulista #motorsport #corrida #f1,No Controle Racing,2024-08-24T00:31:41Z,esportes
QkfN4qwFRgU,O que √© a dor de lado durante a corrida - Corrida em Gotas üí¶,Viajar correndo,2025-04-01T22:16:06Z,esportes
rRK6yk6vO5A,CORRIDA para INICIANTES! Como come√ßar a correr do zero?,Raquel Castanharo,2022-08-04T21:00:34Z,esportes
nzV0vDncr4A,Equa√ß√£o do 1¬∫ grau - Prof Robson Liers #equa√ß√£o #matem√°tica,Prof. Robson Liers - Mathematicamente,2023-01-20T14:26:22Z,educa√ß√£o
EN_mjyaNGyM,A matem√°tica √© linda em?? Super g√™nios resolvendo contas üëÄ #matematica #exatas,A Menina da Matem√°tica,2025-01-15T15:00:31Z,educa√ß√£o
obKEn1KkMUI,TODA A MATEM√ÅTICA Explicada em 25 minutos.,Ci√™ncia Mapeada,2024-11-27T23:14:20Z,educa√ß√£o
0KqcIcB-HXU,"Matem√°tica b√°sica para concurso, n√£o erre porcentagem #matematica #concurso #viral",MATEM√ÅTICA EM SEGUNDOS,2023-12-14T06:29:38Z,educa√ß√£o
6FliHIDP5fo,ADEUS CALCULADORA: Aprenda a tabuada da multiplica√ß√£o por 3 com o Mr Bean da Matem√°tica üë®üèª‚Äçüè´,Professor Dr. Rafael Bastos Mr. Bean da Matem√°tica,2022-01-19T00:50:53Z,educa√ß√£o
kNgn1LgSr0w,R√°pido e F√°cil !! | OBMEP | Muito f√°cil | Matem√°tica para leigos,Matem√°tica Para Leigos,2023-12-23T12:33:31Z,educa√ß√£o
EdqmGd9ldGg,MATEM√ÅTICA TURBO APRENDA R√ÅPIDO E GABARITE!,Exatas pra Gabaritar,2025-04-02T23:30:07Z,educa√ß√£o
5kwk-wCth38,O Maior FDP da Hist√≥ria:,"Investiga, Pinhel! ",2023-10-29T14:46:31Z,educa√ß√£o
SspbwirduUg,Os Japoneses n√£o Acreditavam que negros Existiam - O Banho de Yasuke - O Samurai Negro #hist√≥ria,Foca na Hist√≥ria,2024-05-24T18:00:24Z,educa√ß√£o
xJwFZH49wDA,SACANI RESPONDE [A HIST√ìRIA COMPLETA DAS PIR√ÇMIDES] - Ci√™ncia Sem Fim #302,Ci√™ncia Sem Fim,2025-04-03T03:18:58Z,educa√ß√£o
ujXL1_7qztQ,Esse foi o rei mais sujo e fedido da hist√≥ria! Lu√≠s XIV #historia #curiosidades #fatoscuriosos,History Zone ,2024-11-30T02:41:05Z,educa√ß√£o
Osx5jwS_xgg,O SURGIMENTO DA HIST√ìRIA,Vogalizando a Hist√≥ria,2025-04-01T22:00:20Z,educa√ß√£o
9JUO2_DX-0Y,pessoas que mudaram a hist√≥ria SEM QUERER.,Giuliana Mafra,2025-02-08T19:00:05Z,educa√ß√£o
mzK30c7NAaU,Isadora Pompeo - Hist√≥ria,Musile Records,2020-06-04T13:00:10Z,educa√ß√£o
FqeGA86pkvs,"DPE RO P√≥s-Edital: Hist√≥ria, Geografia e Atualidades de Rond√¥nia - Prof. S√©rgio Henrique",Estrat√©gia Concursos,2025-04-03T15:17:11Z,educa√ß√£o
xJwFZH49wDA,SACANI RESPONDE [A HIST√ìRIA COMPLETA DAS PIR√ÇMIDES] - Ci√™ncia Sem Fim #302,Ci√™ncia Sem Fim,2025-04-03T03:18:58Z,educa√ß√£o
mezqWByQhNk,O Dilema do Crocodilo,Ci√™ncia Todo Dia,2024-08-16T15:00:52Z,educa√ß√£o
4YoCjV7wHiU,COMO a bexiga ENCHE sem SOPRAR?,Manual do Mundo,2024-08-28T20:00:01Z,educa√ß√£o
giXv1-fDg_I,A DIFICULDADE da CI√äNCIA de DADOS,Ci√™ncia Sem Fim,2024-03-23T14:30:13Z,educa√ß√£o
cGaTbFin6XM,COMO SURGIU o UNIVERSO?,Ci√™ncia Sem Fim,2024-06-01T17:06:43Z,educa√ß√£o
0WYv7KeyGuY,por que temos C√ÉIBRA?,Ci√™ncia Todo Dia,2024-11-12T18:59:50Z,educa√ß√£o
af_0SmazGwo,A ideia mais POL√äMICA da ci√™ncia,Ci√™ncia Todo Dia,2024-06-07T20:00:00Z,educa√ß√£o
o-HYi4P8cmQ,J√° viu √ÅGUA orbitar um CANO? Fa√ßa esse EXPERIMENTO incr√≠vel!,Manual do Mundo,2024-08-09T20:00:16Z,educa√ß√£o
QUKQps7Qu78,MC Nathan ZK e MC Menor MR - Aprendizado (kondzilla.com),Canal KondZilla,2020-11-10T15:00:07Z,educa√ß√£o
NYmDsspjnbQ,Como MEMORIZAR e APRENDER Qualquer Coisa R√°pido [Lair Ribeiro],Lugar da Mente,2023-07-31T16:25:00Z,educa√ß√£o
TVHUs67kwRk,Como Aprender TUDO Que Quiser: T√©cnica Feynman (5 Passos),Eureka!,2019-05-30T00:46:54Z,educa√ß√£o
posTc56basM,3 t√©cnicas indicadas por cientistas para qualquer pessoa melhorar nos estudos,BBC News Brasil,2020-02-16T10:09:47Z,educa√ß√£o
uDS84UATPpo,A Neuroci√™ncia da Aprendizagem,Mateus Andrade - O Brabo dos Concursos,2024-04-08T20:01:25Z,educa√ß√£o
TDJAU31wG58,Aprender os N√∫meros em Portugu√™s  | Musica infantil | Desenho Animado com Os Amiguinhos,Os Amiguinhos,2020-10-09T21:00:09Z,educa√ß√£o
cwn_1glH9fU,Como Aprender Qualquer Coisa RAÃÅPIDO,Andr√© Arcas,2023-05-18T21:00:15Z,educa√ß√£o
o0pQ9TvH2E0,Por que conhecimento muda tudo? #aprendizado #lideran√ßa #neg√≥cio#gest√£o#mentemilionaria#sabedoria,ProdutivL√≠der,2025-04-01T13:01:13Z,educa√ß√£o
xuAvkbUpa78,Aprender &amp; Brincar‚Ñ¢ | Preparando-se para o dia | Compila√ß√£o | Desenhos Animados | Aprendendo,Fisher-Price¬Æ Brasil,2020-07-30T20:00:05Z,educa√ß√£o
1nWktrduWII,"Li√ß√£o da Escola Sabatina ADULTOS , Quinta 03/04/03/2025 &quot;Literal ou Simb√≥lico&quot; com Pr Dudu.",Pr Dudu Batista,2025-04-03T08:00:06Z,educa√ß√£o
DD21wVpqEjU,"LI√á√ÉO DA ESCOLA SABATINA JOVEM, Quinta 03/04/25 &quot;Raio de Esperan√ßa&quot; com Pr Dudu. Instagram: @prdudu",Pr Dudu Batista,2025-04-03T08:00:06Z,educa√ß√£o
KYt0x8BLpog,Professora √© esfaqueada por alunos em escola de Caxias do Sul (RS) | T√° na Hora  (01/04/25),SBT News,2025-04-01T22:01:14Z,educa√ß√£o
cR_JKSBkWGo,"Menina de 13 anos, da RMC, desaparece ap√≥s sair da escola; pistas s√£o reveladas",RICtv,2025-04-02T22:28:11Z,educa√ß√£o
WEGd7sPWB4U,Mundo Bita - Hora da Escola,Mundo Bita,2021-02-26T13:00:10Z,educa√ß√£o
7H_N_A6oxOI,De boa na sala de aula‚Ä¶ de repente a professora vira ! #shortsviral,Marcela Jardim Oficial,2024-06-29T19:02:08Z,educa√ß√£o
7uEPmRL63PY,Quinta 03.04 | Liberal ou simb√≥lico? | Li√ß√£o 1 | Escola Sabatina com Pr. H√©lio Carnassale,Safeliz Portugu√™s,2025-04-03T04:00:06Z,educa√ß√£o
18bFak5hZgg,p√©rolas da escola p√∫blica brasileira,Giuliana Mafra,2024-06-01T15:00:02Z,educa√ß√£o
